,perc_low_income,perc_black_his_stu,pre_cov_att,post_cov_att,teachers_per_100stu,help_fte_per_100stu,dolla_per_student,salary_per_teacher
perc_low_income,1.0,0.7982720868059255,-0.1070178590295691,-0.25539670642182183,-0.39093881222081983,-0.29503670562889134,0.10946035550552771,-0.19690722222248405
perc_black_his_stu,0.7982720868059255,1.0,-0.18957480677314897,-0.35843767948330235,-0.43705122243874883,-0.3290681856292414,0.14480534119611344,-0.1521296381711857
pre_cov_att,-0.1070178590295691,-0.18957480677314897,1.0,0.8019403999445163,0.4643208154922204,0.3952767939131861,0.030252649744941167,0.24187586797079658
post_cov_att,-0.25539670642182183,-0.35843767948330235,0.8019403999445163,1.0,0.4519131892281582,0.376623302946854,-0.09489364897017308,0.3250184046661734
teachers_per_100stu,-0.39093881222081983,-0.43705122243874883,0.4643208154922204,0.4519131892281582,1.0,0.6924487097561386,-0.054887805245992786,0.29592628880922983
help_fte_per_100stu,-0.29503670562889134,-0.3290681856292414,0.3952767939131861,0.376623302946854,0.6924487097561386,1.0,-0.010008877507114032,0.1570168564468551
dolla_per_student,0.10946035550552771,0.14480534119611344,0.030252649744941167,-0.09489364897017308,-0.054887805245992786,-0.010008877507114032,1.0,0.028485708687291764
salary_per_teacher,-0.19690722222248405,-0.1521296381711857,0.24187586797079658,0.3250184046661734,0.29592628880922983,0.1570168564468551,0.028485708687291764,1.0
