,crime_class,"% of Misconducts Resulting in a Suspension
(includes ISS and OSS)",# of Unique Students Receiving ISS,# of Unique Students Receiving OSS,% of Misconducts Resulting in a Police Notification
0,High,49.16382978723404,65.87234042553192,58.54407294832827,6.770516717325228
1,Low,50.15024630541872,63.751231527093594,61.98029556650246,6.604187192118227
2,Medium,50.259742120343844,70.96704871060172,60.9054441260745,6.269340974212034
